{
    "eth": {
        "eth": 1,
        "matic": 6109.92,
        "btc": 0.0415,
        "usdt": 2285.2,
        "bnb": 4.54,
        "sol": 17.93,
        "dollar": 2284.94
    },
    "btc": {
        "btc": 1,
        "matic": 147146.06,
        "eth": 24.04,
        "usdt": 54848.74,
        "bnb": 109.01,
        "sol": 431.34,
        "dollar": 55075.25
    },
    "matic": {
        "matic": 1,
        "btc": 0.00000679,
        "eth": 0.000164,
        "usdt": 0.37,
        "bnb": 0.000741,
        "sol": 0.0029,
        "dollar": 0.3755
    },
    "usdt": {
        "usdt": 1,
        "btc": 0.000018,
        "eth": 0.000438,
        "matic": 2.68,
        "bnb": 0.002,
        "sol": 0.0078,
        "dollar": 1
    }
}